Similarity,AUC,AUPR,F-measure,Recall,Precision
chem,0.5131789517595633,0.3793332181116954,0.10142397795130915,0.05681350349938246,0.4721984602224123
target,0.634882275662326,0.48098596562005563,0.5060141448557122,0.504425689584191,0.5076126359399274
transporter,0.5944472559156779,0.4175838703279956,0.45149984537676524,0.4508027995059695,0.45219905017551104
enzyme,0.6135132399567227,0.4852842304561583,0.5207259863108514,0.6968917249897078,0.4156537753222836
pathway,0.6047812848112618,0.4538101077912379,0.4898123324396782,0.5641210374639769,0.4328016424510423
indication,0.6785132813108531,0.6009673327613118,0.5708375426949536,0.6106422396047756,0.5359046156625418
sideeffect,0.60786093300893,0.4539084980538889,0.5417780645954334,0.9072663647591601,0.38619934282584883
offsideeffect,0.741948919784387,0.6508989857334123,0.6503979576512992,0.891519143680527,0.5119385342789599
