Similarity,AUC,AUPR,F-measure,Recall,Precision
chem,0.5044037525896373,0.352133176346158,0.09364908503767491,0.05372581309180733,0.3645251396648045
target,0.6425396000346358,0.48985850843243717,0.5219970341077607,0.5434335117332235,0.5021875594445501
transporter,0.5911521217077057,0.41003919718736104,0.44366418614401004,0.4356731165088514,0.45195387572069184
enzyme,0.6148333892884186,0.4863671320869992,0.5224126691974386,0.7011115685467271,0.41630507853083176
pathway,0.6009641893347759,0.4401601171995985,0.48335745296671495,0.5500205846027172,0.431106808647951
indication,0.6778568733948475,0.6006591487341827,0.5694774059185354,0.6050843968711404,0.5378281950416247
sideeffect,0.5662751710755353,0.4190447953565281,0.5221865663383866,0.9713874022231371,0.35706719128329295
offsideeffect,0.7470051658726369,0.6574185534127014,0.6557055407314394,0.8599217785096748,0.5298706240487062
