Similarity,AUC,AUPR,F-measure,Recall,Precision
chem,0.5034279703813386,0.3707883127432703,0.016485193853668464,0.008336764100452861,0.7297297297297297
target,0.6365752726156747,0.48225391753253,0.510043846232283,0.5148209139563606,0.5053546170943625
transporter,0.5929480035719402,0.42082198127211157,0.4441033241583739,0.43176204199258955,0.45717088055797733
enzyme,0.6176284992224306,0.49677802489333955,0.5204540928101972,0.6723960477562783,0.42452401065696277
pathway,0.5977482655600098,0.44625723361169034,0.4693583964707011,0.5037052284890902,0.4393966600826001
indication,0.6849664612920969,0.6082905116097612,0.5798574821852732,0.6281391519143681,0.538468325392624
sideeffect,0.5500630462517399,0.35279234448866786,0.5009900404882229,0.8723754631535612,0.3513950499564695
offsideeffect,0.7412231878157685,0.7075307466626528,0.6496950411031557,0.8825648414985591,0.5140579101972303
